player names,vote-share,position,goals,assists,ops,dps,plus-minus,year
Wayne Gretzky,38.43,C,51,86,11.3,1.3,14,1980
Marcel Dionne,30.24,C,53,84,11.6,2.0,34,1980
Tony Esposito,11.66,G,0,1,0.0,0.0,0,1980
Guy Lafleur,8.01,RW,50,75,10.8,2.0,40,1980
Danny Gare,3.64,RW,56,33,8.3,2.1,48,1980
Mike Liut,2.55,G,0,0,0.0,0.0,0,1980
Larry Robinson,1.64,D,14,61,5.5,5.9,38,1980
Darryl Sittler,1.46,C,40,57,7.7,1.0,3,1980
Denis Potvin,1.28,D,8,33,3.2,2.4,13,1980
Bobby Clarke,1.09,C,12,57,3.3,1.6,42,1980
Wayne Gretzky,42.68,C,55,109,12.3,2.0,41,1981
Mike Liut,41.80,G,0,0,0.0,0.0,0,1981
Marcel Dionne,4.23,C,58,77,10.5,2.3,54,1981
Mike Bossy,3.53,RW,68,51,10.2,1.8,38,1981
Bryan Trottier,1.59,C,31,72,6.6,2.1,50,1981
Larry Robinson,1.23,D,12,38,3.2,6.1,47,1981
Dan Bouchard,1.06,G,0,4,0.0,0.0,,1981
Kent Nilsson,0.88,C,49,82,9.5,1.4,14,1981
Denis Potvin,0.71,D,20,56,5.4,5.6,39,1981
Danny Gare,0.53,RW,46,39,6.3,1.3,12,1981
Randy Carlyle,0.35,D,16,67,5.4,3.0,-16,1981
Peter Šťastný,0.35,C,39,70,7.3,1.3,10,1981
Mario Lessard,0.35,G,0,1,0.0,0.0,0,1981
Don Edwards,0.18,G,0,2,0.0,0.0,0,1981
Tiger Williams,0.18,LW,35,27,3.8,1.2,4,1981
Guy Lafleur,0.18,RW,27,43,5.0,1.3,24,1981
Ray Bourque,0.18,D,27,29,4.5,5.1,29,1981
Wayne Gretzky,100.00,C,92,120,17.2,2.5,80,1982
Bryan Trottier,41.27,C,50,79,8.7,2.4,70,1982
Mike Bossy,10.79,RW,64,83,10.9,2.4,69,1982
Peter Šťastný,4.76,C,46,93,9.1,0.7,-10,1982
Dale Hawerchuk,4.13,C,45,58,6.8,1.0,-7,1982
Barry Beck,3.17,D,9,29,2.0,4.2,20,1982
Dennis Maruk,3.17,C,60,76,9.9,1.1,-7,1982
Rick Middleton,2.22,RW,51,43,7.0,1.4,15,1982
Doug Wilson,1.90,D,39,46,6.9,3.4,1,1982
Bobby Smith,1.59,C,43,71,7.3,1.4,10,1982
Denis Savard,1.59,C,32,87,7.0,1.0,0,1982
Gilles Meloche,0.95,G,0,1,0.0,0.0,0,1982
Richard Brodeur,0.63,G,0,2,0.0,0.0,0,1982
Terry O'Reilly,0.32,RW,22,30,2.2,1.6,24,1982
Brad Park,0.32,D,14,42,3.4,4.9,12,1982
Dino Ciccarelli,0.32,RW,55,51,7.7,1.5,14,1982
Bob Gainey,0.32,LW,21,24,1.2,1.8,36,1982
Paul Gardner,0.32,C,36,33,4.7,0.8,-5,1982
Ray Bourque,0.32,D,17,49,4.5,4.8,21,1982
Al Secord,0.32,LW,44,31,4.8,0.5,-17,1982
Bill Barber,0.32,LW,45,44,5.7,0.9,2,1982
Brian Sutter,0.32,LW,39,36,4.7,0.9,-3,1982
Wayne Gretzky,84.44,C,71,125,16.1,1.9,61,1983
Pete Peeters,50.48,G,0,2,0.0,0.0,0,1983
Denis Savard,21.27,C,35,86,8.0,1.6,26,1983
Rod Langway,9.52,D,3,29,0.9,4.3,-2,1983
Mark Howe,6.35,D,20,47,4.5,6.3,47,1983
Bobby Clarke,2.86,C,23,62,4.4,1.8,37,1983
Peter Šťastný,1.59,C,47,77,9.1,1.3,29,1983
Lanny McDonald,1.27,RW,66,32,8.8,1.0,-1,1983
Glenn Resch,0.63,G,0,3,0.0,0.0,0,1983
Mike Bossy,0.32,RW,60,58,9.4,1.8,27,1983
John Tonelli,0.32,LW,31,40,4.2,1.8,30,1983
Mark Pavelich,0.32,C,37,38,4.8,1.5,19,1983
Brad Park,0.32,D,10,26,1.8,5.2,20,1983
Brian Sutter,0.32,LW,46,30,5.5,1.2,-3,1983
Wayne Gretzky,98.71,C,87,118,17.4,2.2,78,1984
Rod Langway,32.90,D,9,24,1.2,6.3,14,1984
Bryan Trottier,17.42,C,40,71,8.0,2.3,68,1984
Rick Middleton,10.00,RW,47,58,7.5,1.8,26,1984
Ray Bourque,5.48,D,31,65,7.3,7.2,51,1984
Mike Bossy,4.19,RW,51,67,9.3,2.2,65,1984
Michel Goulet,3.87,LW,56,66,9.3,2.3,62,1984
Réjean Lemelin,1.94,G,0,3,0.0,0.0,0,1984
Tom Barrasso,1.29,G,0,2,0.0,0.0,0,1984
Paul Coffey,0.97,D,40,86,9.9,4.4,52,1984
Tim Kerr,0.65,RW,54,39,7.2,1.4,29,1984
Peter Šťastný,0.65,C,46,73,8.3,1.3,22,1984
Brad Park,0.32,D,5,53,2.8,2.6,-31,1984
Denis Savard,0.32,C,37,57,6.2,0.8,-12,1984
Al Jensen,0.32,G,0,0,0.0,0.0,0,1984
Dan Bouchard,0.32,G,0,3,0.0,0.0,0,1984
Barry Pederson,0.32,C,39,77,7.7,1.8,27,1984
Kent Nilsson,0.32,C,31,49,5.1,0.2,-24,1984
Wayne Gretzky,96.19,C,73,135,16.6,3.0,100,1985
Dale Hawerchuk,28.89,C,53,77,9.8,1.3,20,1985
Pelle Lindbergh,17.78,G,0,0,0.0,0.0,0,1985
Rod Langway,8.89,D,4,22,0.5,6.4,36,1985
Ray Bourque,6.67,D,20,66,5.9,5.7,30,1985
Brian Sutter,4.13,LW,37,37,4.8,1.2,10,1985
Doug Wilson,3.17,D,22,54,5.3,4.8,24,1985
Tom Barrasso,2.86,G,0,6,0.0,0.0,0,1985
Tim Kerr,2.22,RW,54,44,7.8,1.5,31,1985
Marcel Dionne,2.22,C,46,80,8.8,1.4,11,1985
Mike Bossy,1.90,RW,58,59,9.5,1.7,37,1985
Michel Goulet,1.27,LW,55,40,7.6,1.1,10,1985
Bobby Carpenter,1.27,C,53,42,7.3,1.6,20,1985
Jari Kurri,0.95,RW,71,64,11.6,2.4,78,1985
Paul Coffey,0.32,D,37,84,9.5,5.3,57,1985
Bernie Federko,0.32,C,30,73,6.4,0.7,-10,1985
Brent Sutter,0.32,C,42,60,7.4,1.8,42,1985
John Tonelli,0.32,LW,42,58,7.0,2.1,49,1985
Dave Poulin,0.32,C,30,44,4.5,1.9,45,1985
Wayne Gretzky,93.67,C,52,163,14.9,2.1,71,1986
Mario Lemieux,54.33,C,48,93,9.9,0.9,-8,1986
Mark Howe,10.67,D,24,58,5.7,8.8,87,1986
Paul Coffey,9.67,D,48,90,11.0,5.1,61,1986
John Vanbiesbrouck,5.33,G,0,3,0.0,0.0,0,1986
Mike Bossy,1.67,RW,61,62,9.4,1.6,30,1986
Peter Šťastný,1.00,C,41,81,8.1,1.1,2,1986
Neal Broten,0.67,C,29,76,6.1,1.4,14,1986
Tim Kerr,0.67,RW,58,26,6.8,0.9,-2,1986
Ray Bourque,0.33,D,19,58,5.1,5.0,17,1986
Kevin Dineen,0.33,RW,33,35,4.7,1.1,15,1986
Bernie Federko,0.33,C,34,68,6.2,1.3,11,1986
Ron Francis,0.33,C,24,53,4.9,0.8,5,1986
Troy Murray,0.33,C,45,54,6.9,1.6,32,1986
Brian Propp,0.33,LW,40,57,6.6,1.5,22,1986
Larry Robinson,0.33,D,19,63,5.5,5.8,25,1986
Wayne Gretzky,94.44,C,62,121,15.2,2.4,69,1987
Ray Bourque,35.19,D,23,72,7.2,6.4,44,1987
Mike Liut,14.44,G,0,2,0.0,0.0,0,1987
Mario Lemieux,12.59,C,54,53,9.5,1.1,12,1987
Doug Gilmour,11.11,C,42,63,7.8,1.1,-4,1987
Dale Hawerchuk,4.07,C,47,53,7.9,1.2,2,1987
Steve Yzerman,1.85,C,31,59,5.9,1.2,-2,1987
Mark Howe,1.85,D,15,43,4.1,6.5,57,1987
Ron Francis,1.11,C,30,63,6.4,1.3,11,1987
Ron Hextall,1.11,G,0,6,0.0,0.0,0,1987
Mark Messier,1.11,C,37,70,7.7,1.1,22,1987
Dino Ciccarelli,0.74,RW,52,51,8.6,1.2,11,1987
Kevin Dineen,0.37,RW,40,39,6.0,1.3,8,1987
Mario Lemieux,92.70,C,70,98,14.7,1.5,23,1988
Grant Fuhr,33.65,G,0,8,0.0,0.0,,1988
Wayne Gretzky,23.17,C,40,109,11.3,1.6,39,1988
Steve Yzerman,20.32,C,50,52,8.9,1.5,30,1988
Denis Savard,6.67,C,44,87,9.8,1.2,4,1988
Tom Barrasso,1.59,G,0,1,0.0,0.0,,1988
Dale Hawerchuk,0.63,C,44,77,9.0,0.9,-9,1988
Ray Bourque,0.32,D,17,64,5.5,6.2,34,1988
Sean Burke,0.32,G,0,1,0.0,0.0,,1988
Kirk Muller,0.32,C,37,57,6.6,1.6,19,1988
Gary Suter,0.32,D,21,70,6.7,4.4,39,1988
Wayne Gretzky,84.76,C,54,114,13.2,0.9,15,1989
Mario Lemieux,59.37,C,85,114,17.7,1.9,41,1989
Steve Yzerman,34.60,C,65,90,13.0,1.4,17,1989
Patrick Roy,0.63,G,0,6,0.0,0.0,0,1989
Joe Mullen,0.32,RW,51,59,8.8,2.2,51,1989
Chris Chelios,0.32,D,15,58,4.8,6.7,35,1989
Mark Messier,72.06,C,45,84,9.8,1.5,19,1990
Ray Bourque,71.43,D,19,65,6.1,6.4,31,1990
Brett Hull,25.40,RW,72,41,10.7,1.1,-1,1990
Wayne Gretzky,5.08,C,40,102,10.5,0.8,8,1990
Pat LaFontaine,2.54,C,54,51,8.9,0.6,-13,1990
Patrick Roy,2.54,G,0,5,0.0,0.0,0,1990
Steve Yzerman,0.95,C,62,65,11.1,0.7,-6,1990
Brett Hull,83.94,RW,86,45,13.8,1.5,23,1991
Wayne Gretzky,66.67,C,41,122,13.0,1.5,30,1991
Ed Belfour,19.09,G,0,3,0.0,0.0,0,1991
Ray Bourque,4.55,D,21,73,7.6,5.6,33,1991
Steve Larmer,1.52,RW,44,57,8.4,2.2,37,1991
Theo Fleury,1.52,RW,51,53,9.2,2.1,48,1991
Joe Sakic,0.91,C,48,61,9.5,0.3,-26,1991
Al MacInnis,0.61,D,28,75,8.6,5.5,42,1991
John MacLean,0.30,RW,45,33,6.6,1.2,8,1991
Mark Messier,0.30,C,12,52,3.9,1.1,15,1991
Mark Recchi,0.30,RW,40,73,8.9,0.6,0,1991
Rick Tocchet,0.30,RW,40,31,6.0,1.1,2,1991
Mark Messier,98.84,C,35,72,8.1,1.7,31,1992
Patrick Roy,30.43,G,0,5,0.0,0.0,0,1992
Brett Hull,14.20,RW,70,39,11.0,0.9,-2,1992
Kirk McLean,10.72,G,0,5,0.0,0.0,0,1992
Mario Lemieux,8.41,C,44,87,11.0,1.4,27,1992
Jeremy Roenick,8.41,C,53,50,9.1,1.9,23,1992
Steve Yzerman,2.90,C,45,58,8.7,1.4,26,1992
Kevin Stevens,1.16,LW,54,69,10.6,1.0,8,1992
Doug Gilmour,0.87,C,26,61,5.9,1.8,25,1992
Scott Stevens,0.87,D,17,42,4.6,4.6,24,1992
Brian Leetch,0.87,D,22,80,8.1,5.1,25,1992
Trevor Linden,0.87,RW,31,44,5.2,1.1,3,1992
Ray Bourque,0.29,D,21,60,6.3,5.0,11,1992
Tim Cheveldae,0.29,G,0,4,0.0,0.0,0,1992
Bob Essensa,0.29,G,0,2,0.0,0.0,0,1992
Dale Hunter,0.29,C,28,50,5.1,0.8,-2,1992
Pat LaFontaine,0.29,C,46,47,8.9,1.0,10,1992
Mario Lemieux,99.20,C,69,91,14.7,2.2,55,1993
Doug Gilmour,39.60,C,32,95,8.7,2.2,32,1993
Pat LaFontaine,20.80,C,53,95,11.9,1.3,11,1993
Adam Oates,11.20,C,45,97,10.7,1.5,15,1993
Pierre Turgeon,4.80,C,58,74,11.0,1.0,-1,1993
Teemu Selänne,2.00,RW,76,56,12.2,1.3,8,1993
Chris Chelios,1.20,D,15,58,4.8,6.3,14,1993
Steve Yzerman,0.80,C,58,79,11.1,1.8,33,1993
Eric Lindros,0.40,C,41,34,6.4,1.4,28,1993
Sergei Fedorov,71.85,C,56,64,11.7,2.1,48,1994
Dominik Hašek,31.85,G,0,3,0.0,0.0,0,1994
John Vanbiesbrouck,27.41,G,0,0,0.0,0.0,0,1994
Doug Gilmour,18.52,C,27,84,8.5,1.9,25,1994
Patrick Roy,9.63,G,0,1,0.0,0.0,0,1994
Ray Bourque,6.67,D,20,71,7.8,5.7,26,1994
Scott Stevens,4.81,D,18,60,6.3,6.9,53,1994
Adam Graves,2.96,LW,52,27,7.8,1.9,27,1994
Cam Neely,1.85,RW,50,24,8.5,1.1,12,1994
Mike Richter,1.11,G,0,0,0.0,0.0,0,1994
Jeremy Roenick,1.11,C,46,61,9.5,1.8,21,1994
Pavel Bure,0.74,RW,60,47,11.3,1.0,1,1994
Adam Oates,0.74,C,32,80,9.1,1.4,10,1994
Artūrs Irbe,0.37,G,0,2,0.0,0.0,0,1994
Igor Larionov,0.37,C,18,38,3.9,1.5,20,1994
Eric Lindros,84.00,C,29,41,7.3,1.5,27,1995
Jaromír Jágr,36.00,RW,32,38,7.3,1.0,23,1995
Dominik Hašek,30.67,G,0,0,0.0,0.0,0,1995
Paul Coffey,20.00,D,14,44,5.5,3.5,18,1995
Theo Fleury,9.33,RW,29,29,6.1,0.6,6,1995
Brett Hull,0.00,RW,29,21,5.5,0.7,13,1995
Mario Lemieux,81.30,C,69,92,16.6,0.7,10,1996
Mark Messier,50.93,C,47,52,9.6,1.8,29,1996
Eric Lindros,39.44,C,47,68,11.0,1.8,26,1996
Jaromír Jágr,28.89,RW,62,87,14.6,1.5,31,1996
Sergei Fedorov,12.59,RW,39,68,9.5,2.5,49,1996
Grant Fuhr,9.63,G,0,1,0.0,0.0,0,1996
Joe Sakic,9.63,C,51,69,11.6,1.1,14,1996
Jim Carey,5.93,G,0,1,0.0,0.0,0,1996
Paul Kariya,5.19,LW,50,58,10.3,1.3,9,1996
Chris Chelios,3.70,D,14,58,5.7,5.6,25,1996
Ray Bourque,2.41,D,20,62,7.4,5.7,31,1996
Martin Brodeur,1.67,G,0,1,0.0,0.0,0,1996
Peter Forsberg,1.48,C,30,86,9.5,1.5,26,1996
Keith Tkachuk,1.11,LW,50,48,10.0,1.2,11,1996
John LeClair,0.93,LW,51,46,9.5,1.7,21,1996
Daren Puppa,0.93,G,0,1,0.0,0.0,0,1996
Steve Yzerman,0.74,C,36,59,8.1,1.9,29,1996
Alexander Mogilny,0.74,RW,55,52,10.9,1.2,14,1996
Vladimir Konstantinov,0.56,D,14,20,2.6,8.5,60,1996
Teemu Selänne,0.37,RW,40,68,9.8,1.1,5,1996
Peter Bondra,0.19,RW,52,28,8.6,1.6,18,1996
Brian Leetch,0.19,D,15,70,7.0,4.5,12,1996
Scott Mellanby,0.19,RW,32,38,5.7,1.3,4,1996
Chris Osgood,0.19,G,1,2,0.0,0.0,0,1996
Dominik Hašek,96.11,G,0,3,0.0,0.0,0,1997
Paul Kariya,44.26,LW,44,55,10.6,2.0,36,1997
Mario Lemieux,33.52,C,50,72,12.8,1.7,27,1997
Martin Brodeur,21.30,G,0,4,0.0,0.0,0,1997
Teemu Selänne,12.96,RW,51,58,11.8,1.9,28,1997
John LeClair,12.22,LW,50,47,10.6,2.4,44,1997
Mike Modano,8.15,C,35,48,7.8,2.4,43,1997
Patrick Roy,5.74,G,0,1,0.0,0.0,0,1997
Eric Lindros,5.56,C,32,47,8.4,1.6,31,1997
Keith Tkachuk,4.63,LW,52,34,9.7,1.2,-1,1997
Peter Forsberg,3.15,C,28,58,8.1,1.9,31,1997
Žigmund Pálffy,2.96,RW,48,42,10.2,1.8,21,1997
Jaromír Jágr,2.78,RW,47,48,10.6,1.4,22,1997
Joe Sakic,1.85,C,22,52,6.4,0.5,-10,1997
Wayne Gretzky,1.48,C,25,72,8.2,1.3,12,1997
Brian Leetch,1.11,D,20,58,7.5,5.6,31,1997
Tony Amonte,0.93,RW,41,36,7.9,2.2,35,1997
Mats Sundin,0.56,C,41,53,9.7,1.3,6,1997
Doug Gilmour,0.19,C,22,60,6.7,1.2,2,1997
Guy Hebert,0.19,G,0,1,0.0,0.0,0,1997
Mike Richter,0.19,G,0,0,0.0,0.0,0,1997
Brendan Shanahan,0.19,LW,47,41,9.3,2.3,32,1997
Dominik Hašek,92.41,G,0,2,0.0,0.0,0,1998
Jaromír Jágr,57.04,RW,35,67,10.9,1.7,17,1998
Teemu Selänne,45.74,RW,52,34,12.0,1.3,12,1998
Martin Brodeur,21.30,G,0,3,0.0,0.0,0,1998
Wayne Gretzky,8.52,C,23,67,8.2,0.9,-11,1998
Peter Bondra,7.41,RW,52,26,10.5,1.6,14,1998
John LeClair,6.30,LW,51,36,11.0,2.1,30,1998
Peter Forsberg,4.81,C,25,66,9.0,1.1,6,1998
Jason Allison,3.33,C,33,50,8.9,2.4,33,1998
Rob Blake,3.15,D,23,27,5.9,3.0,-3,1998
Olaf Kölzig,1.48,G,0,1,0.0,0.0,0,1998
Byron Dafoe,1.30,G,0,3,0.0,0.0,0,1998
Joe Nieuwendyk,1.30,C,39,30,8.4,1.7,16,1998
Nicklas Lidström,1.30,D,17,42,6.1,5.5,22,1998
Ron Francis,1.11,C,25,62,8.2,1.6,12,1998
Chris Pronger,1.11,D,9,27,2.9,7.3,47,1998
Ed Belfour,1.11,G,0,0,0.0,0.0,0,1998
Tom Barrasso,0.56,G,0,2,0.0,0.0,0,1998
Steve Yzerman,0.37,C,24,45,6.7,0.9,3,1998
Bobby Holík,0.19,C,29,36,6.5,2.1,23,1998
Curtis Joseph,0.19,G,0,2,0.0,0.0,0,1998
Jaromír Jágr,96.96,RW,44,83,11.9,2.7,17,1999
Alexei Yashin,40.36,C,44,50,9.6,2.4,16,1999
Dominik Hašek,30.71,G,0,0,0.0,0.0,0,1999
Curtis Joseph,21.07,G,0,5,0.0,0.0,0,1999
Teemu Selänne,19.82,RW,47,60,11.6,2.7,18,1999
Eric Lindros,13.75,C,40,53,9.2,3.1,35,1999
Peter Forsberg,10.89,C,30,67,8.0,2.8,27,1999
Paul Kariya,8.57,LW,39,62,9.1,3.1,17,1999
Byron Dafoe,7.14,G,0,2,0.0,0.0,0,1999
Al MacInnis,4.29,D,20,42,6.0,7.7,33,1999
Mike Modano,2.32,C,34,47,7.6,3.1,29,1999
Pavol Demitra,1.25,LW,37,52,8.5,2.2,13,1999
Steve Yzerman,1.25,C,29,45,5.8,2.0,8,1999
Ron Tugnutt,0.71,G,0,0,0.0,0.0,0,1999
Joe Sakic,0.54,C,41,55,8.9,2.7,23,1999
Martin Brodeur,0.18,G,0,4,0.0,0.0,0,1999
Mats Sundin,0.18,C,31,52,7.2,1.7,22,1999
Chris Pronger,68.28,D,14,48,5.2,9.6,52,2000
Jaromír Jágr,68.10,RW,42,54,9.9,2.3,25,2000
Pavel Bure,59.66,RW,58,36,10.7,2.8,25,2000
Olaf Kölzig,23.97,G,0,2,0.0,0.0,0,2000
Owen Nolan,10.69,RW,44,40,8.6,1.8,-1,2000
Roman Turek,5.17,G,0,1,0.0,0.0,0,2000
Mark Recchi,5.17,RW,28,63,7.6,3.1,20,2000
Steve Yzerman,4.48,C,35,44,7.3,2.5,28,2000
Nicklas Lidström,3.79,D,20,53,7.1,5.8,19,2000
Mike Modano,3.62,C,38,43,7.3,2.5,0,2000
Curtis Joseph,2.76,G,0,1,0.0,0.0,0,2000
Martin Brodeur,1.03,G,1,4,0.0,0.0,0,2000
Chris Simon,0.86,LW,29,20,4.9,1.6,11,2000
Joe Sakic,0.69,C,28,53,7.4,2.7,30,2000
Brendan Shanahan,0.52,LW,41,37,8.3,2.2,24,2000
Ed Belfour,0.52,G,0,3,0.0,0.0,0,2000
Patrik Eliáš,0.17,LW,35,37,7.4,2.0,16,2000
Dominik Hašek,0.17,G,0,1,0.0,0.0,0,2000
Jarome Iginla,0.17,RW,29,34,5.4,1.5,0,2000
Adam Oates,0.17,C,15,56,3.9,2.4,13,2000
Joe Sakic,93.87,C,54,64,12.2,3.6,45,2001
Mario Lemieux,43.87,C,35,41,8.3,1.3,15,2001
Jaromír Jágr,33.87,RW,52,69,12.1,2.0,19,2001
Roman Čechmánek,14.35,G,0,1,0.0,0.0,0,2001
Martin Brodeur,10.32,G,0,1,0.0,0.0,0,2001
Patrik Eliáš,9.84,LW,40,56,9.5,3.0,45,2001
Doug Weight,9.84,C,25,65,6.8,2.2,12,2001
Dominik Hašek,6.77,G,0,3,0.0,0.0,0,2001
Pavel Bure,6.61,RW,59,33,9.5,2.4,-2,2001
Nicklas Lidström,6.13,D,15,56,6.4,5.8,9,2001
Markus Näslund,3.23,RW,41,34,8.2,1.3,-2,2001
Sean Burke,2.74,G,0,1,0.0,0.0,0,2001
Mike Modano,2.74,C,33,51,6.9,3.2,26,2001
Alexei Yashin,2.42,C,40,48,8.6,1.9,10,2001
Scott Stevens,2.10,D,9,22,1.9,6.1,40,2001
Alex Kovalev,1.61,RW,44,51,8.8,1.7,12,2001
Tommy Salo,1.61,G,0,1,0.0,0.0,0,2001
Evgeni Nabokov,1.29,G,0,2,0.0,0.0,0,2001
Sergei Fedorov,1.13,C,32,37,6.0,2.3,12,2001
Peter Bondra,1.13,LW,45,36,8.0,2.3,8,2001
Jason Allison,0.65,C,36,59,8.1,1.8,-8,2001
Steve Yzerman,0.65,C,18,34,3.9,1.5,4,2001
Rob Blake,0.48,D,19,40,6.0,3.5,3,2001
Brett Hull,0.48,RW,39,40,8.2,2.1,10,2001
Patrick Lalime,0.48,G,0,1,0.0,0.0,0,2001
Keith Primeau,0.48,C,34,39,7.2,2.1,17,2001
Mark Recchi,0.48,RW,27,50,6.7,2.1,15,2001
Artūrs Irbe,0.16,G,0,2,0.0,0.0,0,2001
Jeff O'Neill,0.16,RW,41,26,6.8,1.5,-18,2001
José Théodore,70.00,G,0,2,0.0,0.0,0,2002
Jarome Iginla,70.00,RW,52,44,11.2,3.2,27,2002
Patrick Roy,45.65,G,0,3,0.0,0.0,0,2002
Sean Burke,27.74,G,0,1,0.0,0.0,0,2002
Markus Näslund,10.32,LW,40,50,9.6,2.3,22,2002
Ron Francis,7.74,C,27,50,6.7,2.1,4,2002
Joe Sakic,6.61,C,26,53,6.3,2.9,12,2002
Mats Sundin,5.65,C,41,39,8.7,1.6,6,2002
Brendan Shanahan,3.87,LW,37,38,7.8,2.5,23,2002
Michael Peca,1.77,C,25,35,4.8,2.4,19,2002
Jeremy Roenick,1.61,C,21,46,5.9,2.6,32,2002
Todd Bertuzzi,1.61,RW,36,49,9.1,2.1,21,2002
Daniel Alfredsson,1.45,RW,37,34,7.7,1.6,3,2002
Glen Murray,1.29,RW,41,30,7.8,2.9,31,2002
Nikolai Khabibulin,0.97,G,0,2,0.0,0.0,0,2002
Nicklas Lidström,0.97,D,9,50,5.0,5.5,13,2002
Chris Chelios,0.48,D,6,33,2.8,7.2,40,2002
Sergei Fedorov,0.48,C,31,37,6.2,2.4,20,2002
Jason Allison,0.32,C,19,55,5.5,2.2,2,2002
Martin Brodeur,0.32,G,0,4,0.0,0.0,0,2002
Alexei Yashin,0.32,C,32,43,7.2,1.5,-3,2002
Bill Guerin,0.16,RW,41,25,7.3,1.5,-1,2002
Alex Kovalev,0.16,RW,32,44,7.1,1.9,2,2002
Mike Ricci,0.16,C,19,34,4.1,1.5,9,2002
Joe Thornton,0.16,C,22,46,6.2,1.5,7,2002
Keith Tkachuk,0.16,LW,38,37,8.2,2.5,21,2002
Peter Forsberg,81.94,C,29,77,10.2,3.4,52,2003
Markus Näslund,55.16,LW,48,56,11.7,1.8,6,2003
Martin Brodeur,50.16,G,0,0,0.0,0.0,0,2003
Joe Thornton,21.13,C,36,65,10.1,2.0,12,2003
Todd Bertuzzi,16.13,RW,46,51,10.6,1.7,2,2003
Al MacInnis,7.42,D,16,52,6.7,5.6,22,2003
Mike Modano,6.94,C,28,57,7.6,3.1,34,2003
Nicklas Lidström,6.61,D,18,44,6.1,7.1,40,2003
Sergei Fedorov,3.55,C,36,47,8.1,2.0,15,2003
Marián Hossa,2.26,RW,45,35,9.2,1.9,8,2003
Marty Turco,1.77,G,0,3,0.0,0.0,0,2003
Patrick Roy,1.61,G,0,0,0.0,0.0,0,2003
Milan Hejduk,1.61,RW,50,48,11.1,3.5,52,2003
Nikolai Khabibulin,1.13,G,0,3,0.0,0.0,0,2003
Ed Belfour,0.97,G,0,2,0.0,0.0,0,2003
Mario Lemieux,0.97,C,28,63,8.3,1.1,-25,2003
Dany Heatley,0.32,RW,41,48,9.7,1.4,-8,2003
Jean-Sébastien Giguère,0.16,G,0,0,0.0,0.0,0,2003
Mats Sundin,0.16,C,37,35,7.4,1.6,1,2003
Martin St. Louis,96.76,RW,38,56,10.1,3.1,35,2004
Jarome Iginla,24.10,RW,41,32,8.0,3.1,21,2004
Martin Brodeur,20.29,G,0,0,0.0,0.0,0,2004
Miikka Kiprusoff,18.38,G,0,1,0.0,0.0,0,2004
Markus Näslund,16.76,LW,35,49,9.0,2.5,24,2004
Roberto Luongo,15.90,G,0,3,0.0,0.0,0,2004
Joe Sakic,13.71,C,33,54,8.6,2.2,11,2004
Marty Turco,8.29,G,0,1,0.0,0.0,0,2004
Scott Niedermayer,6.67,D,14,40,5.1,6.9,20,2004
Ed Belfour,5.62,G,0,2,0.0,0.0,0,2004
Ilya Kovalchuk,5.62,LW,41,46,8.9,1.7,-10,2004
Mats Sundin,5.24,C,31,44,7.2,2.0,11,2004
Andrew Raycroft,4.10,G,0,2,0.0,0.0,0,2004
Patrik Eliáš,3.52,LW,38,43,8.8,3.0,26,2004
Joe Thornton,3.52,C,23,50,6.3,2.5,18,2004
Chris Pronger,2.76,D,14,40,5.1,5.7,-1,2004
Daniel Alfredsson,2.10,RW,32,48,8.6,1.9,12,2004
Marián Hossa,1.62,RW,36,46,9.2,1.6,4,2004
José Théodore,1.33,G,0,3,0.0,0.0,0,2004
Pavel Datsyuk,0.95,C,30,38,7.2,1.2,-2,2004
Patrick Marleau,0.57,C,28,29,5.4,1.3,-5,2004
Brad Richards,0.48,C,26,53,7.1,2.2,14,2004
Evgeni Nabokov,0.38,G,0,0,0.0,0.0,0,2004
Robert Lang,0.38,C,30,49,8.1,1.9,4,2004
Zdeno Chára,0.29,D,16,25,4.3,6.1,33,2004
Mark Recchi,0.29,LW,26,49,7.2,2.2,18,2004
Rick Nash,0.29,LW,41,16,7.1,0.6,-35,2004
Kris Draper,0.10,C,24,16,3.9,2.1,22,2004
Joe Thornton,82.02,C,29,96,10.2,3.1,31,2006
Jaromír Jágr,75.50,RW,54,69,12.1,3.4,34,2006
Miikka Kiprusoff,43.49,G,0,2,0.0,0.0,0,2006
Eric Staal,9.38,C,45,55,9.8,1.3,-8,2006
Daniel Alfredsson,9.22,RW,43,60,9.7,2.6,29,2006
Alex Ovechkin,8.45,LW,52,54,11.0,1.6,2,2006
Nicklas Lidström,8.22,D,16,64,6.8,6.1,21,2006
Scott Niedermayer,5.12,D,13,50,5.0,5.0,8,2006
Henrik Lundqvist,3.57,G,0,2,0.0,0.0,0,2006
Rod Brind'Amour,2.56,C,31,39,4.5,2.2,8,2006
Dany Heatley,2.56,LW,50,53,10.2,2.7,29,2006
Martin Brodeur,1.71,G,0,3,0.0,0.0,0,2006
Brian Gionta,1.40,RW,48,41,8.5,2.9,18,2006
Teemu Selänne,1.40,RW,40,50,8.7,2.7,28,2006
Jonathan Cheechoo,1.24,RW,56,37,10.0,2.7,23,2006
Tomáš Vokoun,1.01,G,0,2,0.0,0.0,0,2006
Peter Forsberg,0.85,C,19,56,6.1,1.8,21,2006
Marty Turco,0.39,G,0,2,0.0,0.0,0,2006
Zdeno Chára,0.31,D,16,27,3.6,4.5,17,2006
Mike Modano,0.31,C,27,50,5.6,2.8,23,2006
Pavel Datsyuk,0.23,C,28,59,7.4,2.4,26,2006
Simon Gagné,0.23,LW,47,32,8.3,2.5,31,2006
Ryan Miller,0.23,G,0,2,0.0,0.0,0,2006
Sidney Crosby,0.16,C,39,63,8.9,1.6,-1,2006
Ilya Kovalchuk,0.16,LW,52,46,9.8,1.4,-6,2006
Paul Kariya,0.08,LW,31,54,6.8,1.5,-6,2006
Chris Pronger,0.08,D,12,44,4.0,5.6,2,2006
Brad Richards,0.08,C,23,68,5.6,2.4,0,2006
Marek Svatoš,0.08,RW,32,18,5.6,0.9,0,2006
Sidney Crosby,85.66,C,36,84,11.3,2.0,10,2007
Roberto Luongo,56.01,G,0,2,0.0,0.0,0,2007
Martin Brodeur,53.36,G,0,1,0.0,0.0,0,2007
Vincent Lecavalier,25.31,C,52,56,11.2,2.2,2,2007
Joe Thornton,16.08,C,22,92,9.0,3.2,24,2007
Nicklas Lidström,3.71,D,13,49,5.3,7.9,40,2007
Scott Niedermayer,3.15,D,15,54,6.1,5.6,6,2007
Joe Sakic,3.08,C,36,64,9.1,1.7,2,2007
Teemu Selänne,2.52,RW,48,46,10.3,2.7,26,2007
Marián Hossa,2.45,RW,43,57,9.9,2.5,18,2007
Daniel Brière,2.31,C,32,63,8.4,1.6,17,2007
Dany Heatley,1.96,RW,50,55,10.8,2.6,31,2007
Chris Drury,0.98,C,37,32,6.6,0.9,1,2007
Martin St. Louis,0.84,RW,43,59,9.2,2.6,7,2007
Jarome Iginla,0.70,RW,39,55,9.2,1.9,12,2007
Paul Kariya,0.35,LW,24,52,5.4,1.8,6,2007
Daniel Alfredsson,0.35,RW,29,58,7.0,3.0,42,2007
Brendan Shanahan,0.35,LW,29,33,5.5,1.7,2,2007
Jaromír Jágr,0.21,RW,30,66,7.8,3.2,26,2007
Marián Gáborík,0.14,RW,30,27,6.3,1.8,12,2007
Ryan Miller,0.14,G,0,2,0.0,0.0,0,2007
Dominik Hašek,0.07,G,0,2,0.0,0.0,0,2007
Henrik Lundqvist,0.07,G,0,0,0.0,0.0,0,2007
Thomas Vanek,0.07,LW,43,41,8.9,2.7,47,2007
Alex Ovechkin,0.07,LW,46,46,9.6,0.9,-19,2007
Chris Pronger,0.07,D,13,46,5.3,6.4,27,2007
Alex Ovechkin,97.99,LW,65,47,14.1,3.1,28,2008
Evgeni Malkin,49.18,C,47,59,11.5,2.4,16,2008
Jarome Iginla,42.16,RW,50,48,11.3,2.9,27,2008
Nicklas Lidström,18.36,D,10,60,6.4,8.1,40,2008
Martin Brodeur,17.84,G,0,4,0.0,0.0,0,2008
Joe Thornton,11.72,C,29,67,8.6,3.3,18,2008
Evgeni Nabokov,8.13,G,0,2,0.0,0.0,0,2008
Alex Kovalev,7.01,RW,35,49,8.4,2.4,18,2008
Pavel Datsyuk,3.21,C,31,66,8.8,3.7,41,2008
Henrik Zetterberg,1.27,LW,43,49,9.9,3.2,30,2008
Marián Gáborík,0.67,RW,42,41,9.2,2.5,17,2008
Roberto Luongo,0.52,G,0,3,0.0,0.0,0,2008
Dion Phaneuf,0.52,D,17,43,6.1,5.1,12,2008
Zdeno Chára,0.30,D,17,34,5.1,5.4,14,2008
Ilya Kovalchuk,0.30,LW,52,35,10.7,1.3,-12,2008
Daniel Alfredsson,0.22,RW,40,49,9.7,1.8,15,2008
Sidney Crosby,0.15,C,24,48,7.2,1.9,18,2008
Sergei Gonchar,0.15,D,12,53,6.0,5.2,13,2008
Vincent Lecavalier,0.15,C,40,52,9.1,1.6,-17,2008
Scott Niedermayer,0.15,D,8,17,2.3,2.7,-2,2008
Alex Ovechkin,95.04,LW,56,54,12.5,2.0,8,2009
Evgeni Malkin,59.17,C,35,78,10.2,2.4,17,2009
Pavel Datsyuk,30.38,C,32,65,8.9,2.6,34,2009
Steve Mason,20.00,G,0,0,0.0,0.0,0,2009
Zach Parise,19.32,LW,45,49,9.9,2.9,30,2009
Sidney Crosby,7.74,C,33,70,9.4,1.7,3,2009
Tim Thomas,7.52,G,0,1,0.0,0.0,0,2009
Zdeno Chára,5.94,D,19,31,4.8,5.7,23,2009
Joe Thornton,2.03,C,25,61,6.8,2.7,16,2009
Roberto Luongo,1.43,G,0,1,0.0,0.0,0,2009
Jeff Carter,1.43,C,46,38,9.2,2.5,23,2009
Jarome Iginla,1.43,RW,35,54,7.8,1.7,-2,2009
Rick Nash,0.98,LW,40,39,7.9,2.2,11,2009
Mike Green,0.98,D,31,42,9.0,4.9,24,2009
Ryan Getzlaf,0.83,C,25,66,7.3,1.9,5,2009
Evgeni Nabokov,0.60,G,0,1,0.0,0.0,0,2009
Nicklas Lidström,0.53,D,16,43,5.5,5.7,31,2009
Patrick Marleau,0.53,LW,38,33,6.5,2.7,16,2009
Cam Ward,0.53,G,0,1,0.0,0.0,0,2009
Miikka Kiprusoff,0.45,G,0,3,0.0,0.0,0,2009
Henrik Zetterberg,0.45,C,31,42,6.4,1.7,13,2009
Chris Mason,0.30,G,0,1,0.0,0.0,0,2009
Eric Staal,0.30,C,40,35,7.1,2.7,15,2009
Dan Boyle,0.23,D,16,41,5.2,5.3,6,2009
Marián Hossa,0.23,RW,40,31,7.7,2.1,27,2009
Mike Richards,0.08,C,30,50,7.0,2.4,22,2009
Marc Savard,0.08,C,25,63,7.3,2.5,25,2009
Henrik Sedin,67.22,C,29,83,10.6,2.9,35,2010
Alex Ovechkin,62.71,LW,50,59,13.0,2.5,45,2010
Sidney Crosby,54.81,C,51,58,12.2,2.4,15,2010
Ryan Miller,37.97,G,0,0,0.0,0.0,0,2010
Ilya Bryzgalov,26.62,G,0,1,0.0,0.0,0,2010
Steven Stamkos,2.11,C,51,44,10.9,1.9,-2,2010
Patrick Kane,1.28,RW,30,58,8.1,2.2,16,2010
Martin Brodeur,1.20,G,0,3,0.0,0.0,0,2010
Craig Anderson,0.75,G,0,3,0.0,0.0,0,2010
Patrick Marleau,0.75,C,44,39,8.8,2.6,21,2010
Nicklas Bäckström,0.75,C,33,68,10.0,2.2,37,2010
Joe Thornton,0.68,C,20,69,7.3,2.2,17,2010
Zach Parise,0.53,C,38,44,8.4,3.1,24,2010
Mike Green,0.38,D,19,57,8.2,4.8,39,2010
Zdeno Chára,0.23,D,7,37,3.1,7.2,19,2010
Duncan Keith,0.23,D,14,55,6.3,6.2,21,2010
Drew Doughty,0.15,D,16,43,5.6,6.2,20,2010
Marián Gáborík,0.15,RW,42,44,9.4,2.6,15,2010
Anže Kopitar,0.15,C,34,47,7.2,2.2,6,2010
Nicklas Lidström,0.15,D,9,40,3.8,6.9,22,2010
Tuukka Rask,0.15,G,0,3,0.0,0.0,0,2010
Martin St. Louis,0.15,RW,29,65,8.1,1.8,-8,2010
Henrik Lundqvist,0.08,G,0,1,0.0,0.0,0,2010
Evgeni Nabokov,0.08,G,0,0,0.0,0.0,0,2010
Chris Pronger,0.08,D,10,45,4.6,6.8,22,2010
Paul Stastny,0.08,C,20,59,5.6,1.8,2,2010
Tomáš Vokoun,0.08,G,0,2,0.0,0.0,0,2010
Shea Weber,0.08,D,16,27,4.3,3.9,0,2010
Henrik Zetterberg,0.08,C,23,47,5.8,2.4,12,2010
Corey Perry,82.78,RW,50,48,10.8,2.5,9,2011
Daniel Sedin,76.19,LW,41,63,11.5,2.8,30,2011
Martin St. Louis,26.35,RW,31,68,9.3,2.0,0,2011
Pekka Rinne,13.89,G,0,0,0.0,0.0,0,2011
Tim Thomas,13.57,G,0,3,0.0,0.0,0,2011
Jonathan Toews,8.49,C,32,44,7.1,2.7,25,2011
Carey Price,7.14,G,0,2,0.0,0.0,0,2011
Ryan Kesler,5.48,C,41,32,7.6,2.7,24,2011
Marc-André Fleury,4.60,G,0,1,0.0,0.0,0,2011
Henrik Sedin,4.52,C,19,75,7.8,2.7,26,2011
Steven Stamkos,3.25,C,45,46,10.1,2.0,3,2011
Jarome Iginla,2.46,RW,43,43,9.2,1.8,0,2011
Zdeno Chára,1.83,D,14,30,4.0,6.0,33,2011
Alex Ovechkin,1.51,LW,32,53,8.1,3.0,24,2011
Henrik Lundqvist,1.51,G,0,4,0.0,0.0,0,2011
Henrik Zetterberg,1.27,C,24,56,6.8,1.4,-1,2011
Roberto Luongo,1.19,G,0,3,0.0,0.0,0,2011
Ilya Bryzgalov,1.03,G,0,0,0.0,0.0,0,2011
Nicklas Lidström,0.87,D,16,46,6.2,3.3,-2,2011
Sidney Crosby,0.40,C,32,34,8.2,1.9,20,2011
Ryan Getzlaf,0.40,C,19,57,6.1,2.3,14,2011
Kris Letang,0.40,D,8,42,4.1,5.7,15,2011
Chris Pronger,0.24,D,4,21,1.9,2.3,7,2011
Ľubomír Višňovský,0.24,D,18,50,7.0,5.8,18,2011
Shea Weber,0.16,D,16,32,4.6,5.5,7,2011
Patrick Marleau,0.08,C,37,36,7.1,1.7,-3,2011
Ryan Miller,0.08,G,0,2,0.0,0.0,0,2011
Keith Yandle,0.08,D,11,48,5.4,4.5,12,2011
Evgeni Malkin,98.86,C,50,59,13.4,2.3,18,2012
Steven Stamkos,40.13,C,60,37,12.8,1.9,7,2012
Henrik Lundqvist,37.32,G,0,2,0.0,0.0,0,2012
Claude Giroux,30.74,RW,28,65,8.9,1.6,6,2012
Jonathan Quick,23.96,G,0,2,0.0,0.0,0,2012
Jason Spezza,8.99,C,34,50,8.8,1.7,11,2012
Pekka Rinne,4.30,G,0,5,0.0,0.0,0,2012
Erik Karlsson,3.49,D,19,59,8.6,4.5,16,2012
Henrik Sedin,2.68,C,14,67,6.1,2.6,23,2012
Ilya Kovalchuk,2.55,LW,37,46,8.2,2.3,-9,2012
Mike Smith,1.07,G,0,2,0.0,0.0,0,2012
Zdeno Chára,1.01,D,12,40,5.1,5.9,33,2012
Shea Weber,0.81,D,19,30,5.2,6.2,21,2012
Pavel Datsyuk,0.74,C,19,48,5.7,2.2,21,2012
Brian Elliott,0.67,G,0,0,0.0,0.0,0,2012
Ray Whitney,0.54,LW,24,53,6.9,2.8,26,2012
Marián Gáborík,0.54,RW,41,35,8.6,2.6,15,2012
Patrice Bergeron,0.47,C,22,42,5.7,2.7,36,2012
David Backes,0.40,RW,24,30,4.2,2.8,15,2012
Brian Campbell,0.20,D,4,49,3.8,4.6,-9,2012
Radim Vrbata,0.20,RW,35,27,6.8,2.6,24,2012
Jamie Benn,0.13,LW,26,37,6.2,2.0,15,2012
James Neal,0.13,LW,40,41,9.3,1.7,6,2012
Marián Hossa,0.07,RW,29,48,7.3,2.1,18,2012
Alex Ovechkin,60.89,RW,32,24,7.0,1.0,2,2013
Sidney Crosby,59.11,C,15,41,5.8,1.7,26,2013
John Tavares,51.34,C,28,19,5.6,1.0,-2,2013
Jonathan Toews,49.50,C,23,25,5.6,2.0,28,2013
Sergei Bobrovsky,17.37,G,0,0,0.0,0.0,0,2013
Patrick Kane,8.77,RW,23,32,6.3,1.3,11,2013
Ryan Getzlaf,5.36,C,15,34,4.6,1.5,14,2013
Steven Stamkos,1.56,C,29,28,6.4,0.7,-4,2013
Martin St. Louis,1.12,RW,17,43,5.4,0.8,0,2013
Pavel Datsyuk,1.01,C,15,34,4.5,2.1,21,2013
Antti Niemi,0.61,G,0,1,0.0,0.0,0,2013
Craig Anderson,0.56,G,0,0,0.0,0.0,0,2013
P.K. Subban,0.56,D,11,27,4.3,2.9,12,2013
Henrik Sedin,0.28,C,11,34,3.8,1.9,19,2013
Evgeni Nabokov,0.28,G,0,4,0.0,0.0,0,2013
Chris Kunitz,0.28,LW,22,30,5.8,2.0,30,2013
Niklas Bäckström,0.17,G,0,0,0.0,0.0,0,2013
Patrice Bergeron,0.17,C,10,22,2.4,1.9,24,2013
Ilya Kovalchuk,0.17,LW,11,20,2.3,1.0,-6,2013
Carey Price,0.17,G,0,0,0.0,0.0,0,2013
Ryan Suter,0.17,D,4,28,2.4,3.6,2,2013
Henrik Zetterberg,0.17,C,11,37,3.9,1.2,2,2013
François Beauchemin,0.06,D,6,18,2.0,3.8,19,2013
Jeff Carter,0.06,C,26,7,4.2,1.0,0,2013
Pascal Dupuis,0.06,LW,20,18,4.1,2.0,31,2013
Henrik Lundqvist,0.06,G,0,1,0.0,0.0,0,2013
Zach Parise,0.06,C,18,20,3.4,1.3,2,2013
James Reimer,0.06,G,0,1,0.0,0.0,0,2013
Eric Staal,0.06,C,18,35,5.2,1.2,5,2013
Sidney Crosby,97.81,C,36,68,10.7,2.8,18,2014
Ryan Getzlaf,64.01,C,31,56,8.8,2.4,28,2014
Claude Giroux,31.75,C,28,58,8.1,2.1,7,2014
Semyon Varlamov,18.69,G,0,3,0.0,0.0,,2014
Patrice Bergeron,10.00,C,30,32,6.4,2.8,38,2014
Tyler Seguin,6.13,C,37,47,9.3,2.2,16,2014
Joe Pavelski,5.18,C,41,38,8.8,2.8,23,2014
Anže Kopitar,4.23,C,29,41,6.4,3.7,34,2014
Jonathan Toews,3.87,C,28,40,6.4,2.3,26,2014
Ben Bishop,3.80,G,0,2,0.0,0.0,,2014
Tuukka Rask,2.55,G,0,2,0.0,0.0,,2014
Jamie Benn,2.55,C,34,45,8.4,2.5,21,2014
Corey Perry,2.12,RW,43,39,9.7,2.5,32,2014
Carey Price,1.46,G,0,2,0.0,0.0,,2014
Duncan Keith,1.39,D,6,55,5.1,4.9,22,2014
Gustav Nyquist,0.95,RW,28,20,6.0,1.7,16,2014
Matt Duchene,0.80,C,23,47,6.6,1.5,8,2014
Alexander Steen,0.66,LW,33,29,6.7,2.3,17,2014
John Tavares,0.66,C,24,42,6.7,1.1,-6,2014
Patrick Sharp,0.51,LW,34,44,8.2,1.8,13,2014
Shea Weber,0.29,D,23,33,6.2,4.5,-2,2014
Joe Thornton,0.22,C,11,65,5.3,2.6,20,2014
Jaromír Jágr,0.07,RW,24,43,5.8,2.9,16,2014
Patrick Marleau,0.07,LW,33,37,6.7,1.8,0,2014
Alex Ovechkin,0.07,LW,51,28,9.9,0.3,-35,2014
Ryan Suter,0.07,D,8,35,2.6,6.9,15,2014
Carey Price,95.41,G,0,1,0.0,0.0,0,2015
Alex Ovechkin,56.56,LW,53,28,10.4,2.2,10,2015
John Tavares,47.07,C,38,48,9.5,1.8,5,2015
Devan Dubnyk,26.11,G,0,2,0.0,0.0,0,2015
Sidney Crosby,8.79,C,28,56,8.2,2.0,5,2015
Ryan Getzlaf,7.90,C,25,45,6.5,2.1,15,2015
Rick Nash,4.46,LW,42,27,8.9,2.5,29,2015
Pekka Rinne,3.12,G,0,1,0.0,0.0,0,2015
Erik Karlsson,2.04,D,21,45,7.2,4.7,7,2015
Jonathan Toews,1.97,C,28,38,6.2,3.2,30,2015
Steven Stamkos,1.85,C,43,29,8.6,1.5,2,2015
Jamie Benn,1.46,LW,35,52,9.3,1.5,1,2015
Jiří Hudler,1.02,C,31,45,7.9,2.2,17,2015
Vladimir Tarasenko,0.89,RW,37,36,8.5,2.6,27,2015
Andrew Hammond,0.57,G,0,1,0.0,0.0,0,2015
P.K. Subban,0.32,D,15,45,5.8,6.6,21,2015
Drew Doughty,0.13,D,7,39,3.0,5.6,3,2015
Dustin Byfuglien,0.06,D,18,27,5.3,3.5,5,2015
Marc-André Fleury,0.06,G,0,1,0.0,0.0,0,2015
Braden Holtby,0.06,G,0,2,0.0,0.0,0,2015
Zach Parise,0.06,LW,33,29,6.9,2.5,21,2015
Shea Weber,0.06,D,15,30,4.2,5.4,15,2015
Patrick Kane,93.00,RW,46,60,12.4,2.6,17,2016
Sidney Crosby,53.33,C,36,49,9.1,2.4,19,2016
Jamie Benn,42.47,LW,41,48,10.3,1.7,7,2016
Braden Holtby,19.47,G,0,1,0.0,0.0,0,2016
Joe Thornton,17.80,C,19,63,7.1,2.9,25,2016
Alex Ovechkin,14.13,LW,50,21,9.1,2.6,21,2016
Jaromír Jágr,4.00,RW,27,39,6.9,2.3,23,2016
Anže Kopitar,3.53,C,25,49,6.5,3.3,34,2016
Erik Karlsson,2.93,D,16,66,8.4,3.2,-2,2016
Ben Bishop,2.80,G,0,1,0.0,0.0,0,2016
Drew Doughty,1.93,D,14,37,4.5,7.1,24,2016
Vladimir Tarasenko,0.87,RW,40,34,8.7,2.1,7,2016
John Tavares,0.67,C,33,37,7.4,1.9,6,2016
Joe Pavelski,0.53,C,38,40,8.4,3.0,25,2016
Roberto Luongo,0.53,G,0,2,0.0,0.0,0,2016
Claude Giroux,0.40,C,22,45,5.4,1.5,-8,2016
Henrik Lundqvist,0.33,G,0,4,0.0,0.0,0,2016
Cory Schneider,0.33,G,0,0,0.0,0.0,0,2016
Evgeny Kuznetsov,0.27,C,20,57,6.9,2.6,27,2016
Brent Burns,0.20,D,27,48,8.8,4.1,-5,2016
Ryan Getzlaf,0.20,C,13,50,4.4,2.6,14,2016
Ryan Kesler,0.20,C,21,32,4.1,2.3,5,2016
Kris Letang,0.07,D,16,51,7.0,4.3,9,2016
Connor McDavid,96.05,C,30,70,9.7,3.0,27,2017
Sidney Crosby,66.11,C,44,45,10.5,1.7,17,2017
Sergei Bobrovsky,28.08,G,0,0,0.0,0.0,0,2017
Brent Burns,16.35,D,29,47,8.9,6.4,19,2017
Erik Karlsson,15.45,D,17,54,7.2,5.7,10,2017
Patrick Kane,12.34,RW,34,55,8.7,2.1,11,2017
Brad Marchand,11.02,LW,39,46,9.8,2.8,18,2017
Nikita Kucherov,7.13,RW,40,45,9.7,2.2,13,2017
Nicklas Bäckström,3.59,C,23,63,7.8,2.1,17,2017
Braden Holtby,1.14,G,0,0,0.0,0.0,0,2017
Auston Matthews,1.02,C,40,29,8.2,1.5,2,2017
Alex Ovechkin,0.42,LW,33,36,7.0,1.7,6,2017
Ryan Suter,0.42,D,9,31,2.7,6.6,34,2017
Victor Hedman,0.30,D,16,56,7.3,4.7,3,2017
Devan Dubnyk,0.24,G,0,0,0.0,0.0,0,2017
Vladimir Tarasenko,0.24,RW,39,36,8.4,1.7,-1,2017
Cam Atkinson,0.06,RW,35,27,6.8,2.0,13,2017
Cam Talbot,0.06,G,0,0,0.0,0.0,0,2017
Taylor Hall,77.07,LW,39,54,9.9,2.3,14,2018
Nathan MacKinnon,72.80,C,39,58,10.0,2.2,11,2018
Anže Kopitar,33.60,C,35,57,7.9,3.1,21,2018
Claude Giroux,33.29,LW,34,68,9.0,2.8,28,2018
Connor McDavid,16.46,C,41,67,10.5,2.6,20,2018
Nikita Kucherov,10.12,RW,39,61,9.8,1.8,15,2018
Evgeni Malkin,5.91,C,42,56,10.2,2.2,16,2018
Blake Wheeler,4.21,RW,23,68,7.1,2.1,13,2018
Alex Ovechkin,2.26,LW,49,38,9.3,1.9,3,2018
William Karlsson,1.95,C,43,35,8.3,3.5,49,2018
Brad Marchand,0.61,LW,34,51,8.4,2.5,25,2018
Pekka Rinne,0.55,G,0,1,0.0,0.0,0,2018
Connor Hellebuyck,0.30,G,0,2,0.0,0.0,0,2018
Artemi Panarin,0.24,LW,27,55,6.8,2.6,23,2018
Sergei Bobrovsky,0.18,G,0,3,0.0,0.0,0,2018
Drew Doughty,0.18,D,10,50,4.4,7.3,23,2018
Patrice Bergeron,0.06,C,30,33,6.0,2.3,21,2018
Sidney Crosby,0.06,C,29,60,7.3,1.8,0,2018
Victor Hedman,0.06,D,17,46,5.7,5.2,32,2018
Eric Staal,0.06,C,42,34,8.0,1.8,8,2018
Nikita Kucherov,98.07,RW,41,87,12.3,2.3,24,2019
Sidney Crosby,43.22,C,35,65,8.9,2.4,18,2019
Connor McDavid,27.19,C,41,75,10.8,2.1,3,2019
Johnny Gaudreau,25.85,LW,36,63,8.8,2.1,18,2019
Brad Marchand,18.83,LW,36,64,9.2,2.5,15,2019
Nathan MacKinnon,15.50,C,41,58,9.1,2.7,20,2019
Alex Ovechkin,12.46,LW,51,38,9.2,1.8,7,2019
Patrick Kane,7.31,RW,44,66,10.2,1.6,2,2019
Mark Giordano,3.86,D,17,57,6.7,5.9,39,2019
Sebastian Aho,1.23,C,30,53,6.9,2.9,25,2019
Jordan Binnington,1.23,G,0,0,0.0,0.0,0,2019
Mark Stone,1.05,RW,33,40,6.3,2.4,17,2019
Ryan O'Reilly,0.88,C,28,49,5.8,3.0,22,2019
Steven Stamkos,0.70,C,45,53,10.1,1.4,4,2019
Patrice Bergeron,0.47,C,32,47,7.7,2.3,23,2019
Aleksander Barkov,0.41,C,35,61,7.9,2.1,-3,2019
Marc-André Fleury,0.41,G,0,2,0.0,0.0,0,2019
John Tavares,0.41,C,47,41,9.3,2.0,19,2019
Ben Bishop,0.29,G,0,2,0.0,0.0,0,2019
Brent Burns,0.29,D/RW,16,67,7.3,4.7,13,2019
Brayden Point,0.18,C,41,51,9.1,2.3,27,2019
Darcy Kuemper,0.06,G,0,2,0.0,0.0,0,2019
Mark Scheifele,0.06,C,38,46,7.3,2.2,8,2019
Andrei Vasilevskiy,0.06,G,0,3,0.0,0.0,0,2019
Leon Draisaitl,77.00,C,43,67,10.9,1.8,-7,2020
Nathan MacKinnon,68.35,C,35,58,8.9,1.9,13,2020
Artemi Panarin,52.29,LW,32,63,8.8,2.6,36,2020
David Pastrňák,21.71,RW,48,47,10.8,2.4,21,2020
Connor McDavid,18.18,C,34,63,9.3,1.6,-6,2020
Connor Hellebuyck,16.65,G,0,2,0.0,0.0,0,2020
Roman Josi,1.71,D,16,49,6.1,4.8,22,2020
Jack Eichel,0.82,C,36,42,7.5,2.0,5,2020
Brad Marchand,0.71,LW,28,59,7.8,2.6,25,2020
Evgeni Malkin,0.47,C,25,49,7.0,1.5,7,2020
Auston Matthews,0.47,C,47,33,8.9,2.0,19,2020
John Carlson,0.41,D,15,60,7.2,3.5,12,2020
Nikita Kucherov,0.35,RW,33,52,8.3,2.1,26,2020
Alex Ovechkin,0.35,LW,48,19,8.0,0.8,-12,2020
Jacob Markström,0.18,G,0,1,0.0,0.0,0,2020
Elias Pettersson,0.18,C,27,39,5.7,2.0,16,2020
Tristan Jarry,0.06,G,0,0,0.0,0.0,0,2020
Patrick Kane,0.06,RW,33,51,7.7,1.9,8,2020
J.T. Miller,0.06,C,27,45,6.0,1.9,11,2020
Connor McDavid,100.00,C,33,72,10.7,2.2,21,2021
Auston Matthews,60.00,C,41,25,7.6,1.9,21,2021
Nathan MacKinnon,31.30,C,20,45,5.9,1.9,22,2021
Sidney Crosby,22.30,C,24,38,5.8,1.2,8,2021
Brad Marchand,13.40,LW,29,40,7.3,2.3,26,2021
Aleksander Barkov,12.50,C,26,32,5.9,1.4,12,2021
Andrei Vasilevskiy,5.70,G,0,4,0.0,0.0,0,2021
Leon Draisaitl,4.40,C,31,53,8.4,2.5,29,2021
Mark Stone,3.90,RW,21,40,5.5,2.1,26,2021
Mikko Rantanen,1.50,RW,30,36,6.8,2.3,30,2021
Juuse Saros,1.40,G,0,0,0.0,0.0,0,2021
Cale Makar,1.00,D,8,36,4.0,3.3,17,2021
Adam Fox,0.50,D,5,42,3.7,4.1,19,2021
Jonathan Huberdeau,0.50,LW,20,41,5.7,1.4,12,2021
Patrick Kane,0.40,RW,15,51,4.9,1.2,-7,2021
Kirill Kaprizov,0.40,LW,27,24,5.4,1.3,10,2021
Sebastian Aho,0.30,F,24,33,5.2,2.0,16,2021
Ryan O'Reilly,0.20,C,24,30,4.7,2.2,26,2021
Connor Hellebuyck,0.10,G,0,0,0.0,0.0,0,2021
Mitch Marner,0.10,RW,20,47,5.3,2.0,21,2021
David Pastrňák,0.10,RW,20,28,4.5,1.5,10,2021
Auston Matthews,83.59,C,60,46,11.7,2.1,20,2022
Connor McDavid,56.97,C,44,79,11.1,2.8,28,2022
Igor Shesterkin,37.85,G,0,1,0.0,0.0,0,2022
Johnny Gaudreau,31.64,LW,40,75,10.8,3.9,64,2022
Jonathan Huberdeau,25.95,LW,30,85,9.6,2.3,35,2022
Roman Josi,12.36,D,23,73,8.8,5.2,13,2022
Kirill Kaprizov,6.46,LW,47,61,10.7,2.0,27,2022
Cale Makar,2.46,D,28,58,8.5,6.8,48,2022
Leon Draisaitl,1.44,C,55,55,10.9,2.4,17,2022
Alex Ovechkin,0.51,LW,50,40,9.4,2.0,8,2022
Steven Stamkos,0.31,C,42,64,10.1,2.4,24,2022
Aleksander Barkov,0.21,C,39,49,8.4,2.2,36,2022
Jason Robertson,0.15,LW,41,38,7.7,2.4,16,2022
J.T. Miller,0.05,C,32,67,8.1,2.5,15,2022
Matthew Tkachuk,0.05,RW,42,62,10.1,3.5,57,2022
Connor McDavid,99.54,C,64,89,15.8,2.4,22,2023
David Pastrňák,53.72,RW,61,52,12.1,2.9,34,2023
Matthew Tkachuk,37.81,LW/RW,40,69,9.8,2.5,29,2023
Jason Robertson,18.16,LW,46,63,10.8,3.1,37,2023
Nathan MacKinnon,14.03,C,42,69,10.2,2.9,29,2023
Mikko Rantanen,7.24,RW,55,50,10.2,2.6,15,2023
Leon Draisaitl,7.09,C,52,76,12.5,1.7,7,2023
Jack Hughes,7.04,C,43,56,9.4,2.0,10,2023
Ilya Sorokin,6.48,G,0,1,0.0,0.0,0,2023
Linus Ullmark,3.11,G,1,0,0.0,0.0,0,2023
Connor Hellebuyck,1.12,G,0,0,0.0,0.0,0,2023
Nikita Kucherov,1.07,RW,30,83,8.9,1.8,-2,2023
Mitch Marner,0.77,RW,30,69,7.5,2.7,18,2023
Tage Thompson,0.71,C,47,47,9.6,1.5,4,2023
Erik Karlsson,0.71,D,25,76,9.4,3.0,-26,2023
Auston Matthews,0.51,C,40,45,7.7,2.9,31,2023
Kirill Kaprizov,0.26,LW,40,35,7.2,2.0,4,2023
Sidney Crosby,0.20,C,33,60,7.4,2.2,8,2023
Elias Pettersson,0.20,C,39,63,8.6,2.3,16,2023
Juuse Saros,0.20,G,0,1,0.0,0.0,0,2023
Nathan MacKinnon,89.69,C,51,89,13.1,2.9,35,2024
Nikita Kucherov,65.41,RW,44,100,13.2,2.3,8,2024
Connor McDavid,43.56,C,32,100,11.2,2.9,35,2024
Auston Matthews,38.97,C,69,38,12.6,2.5,31,2024
Artemi Panarin,9.02,LW,49,71,11.7,2.7,18,2024
Connor Hellebuyck,5.36,G,0,0,0.0,0.0,0,2024
Quinn Hughes,3.20,D,17,75,7.9,6.5,38,2024
David Pastrňák,2.11,RW,47,63,10.7,2.6,21,2024
Sidney Crosby,1.96,C,42,52,8.7,2.0,7,2024
Roman Josi,0.41,D,23,62,8.0,4.8,12,2024
J.T. Miller,0.15,C,37,66,9.0,2.7,32,2024
Sebastian Aho,0.05,F,36,53,7.7,3.2,34,2024
Charlie Lindgren,0.05,G,0,0,0.0,0.0,0,2024
Sam Reinhart,0.05,C,57,37,10.0,3.1,29,2024
